Dataset,Model,Sig_Count
BIG5,SBERT,0.9417970170971263
BIG5,WORD2VEC,0.3019279738086577
BIG5,LIWC,0.28010185522008
16PF,SBERT,0.9333387579080128
16PF,WORD2VEC,0.13232571858662706
16PF,LIWC,0.1371061250228849
HSQ,SBERT,0.5135593220338983
HSQ,WORD2VEC,0.06271186440677966
HSQ,LIWC,0.1440677966101695
RIASEC,SBERT,0.646592616599393
RIASEC,WORD2VEC,0.6127250228337409
RIASEC,LIWC,0.20102530862378834
IPIP,SBERT,0.9937888198757764
IPIP,WORD2VEC,0.7329192546583851
IPIP,LIWC,0.5962732919254659
